establecimiento_codigo,establecimiento_codigo_antiguo,establecimiento_glosa,tipo_establecimiento_glosa,ambito_funcionamiento,comuna_codigo,comuna_glosa,latitud,longitud,estado_funcionamiento
110012,10-012,Clínica Dental Móvil Simple. Pat. PW4083 (Curacaví),Unidad de Procedimientos Móvil,Unidad de Atención,13503,Curacaví,,,Cerrado
111782,11-782,Centro Comunitario de Salud Familiar El Abrazo,Centro Comunitario de Salud Familiar (CECOSF),Establecimiento de Salud,13119,Maipú,,,Cerrado
112820,12-820,SAPU Centro de Urgencia Ñuñoa,Servicio de Atención Primaria de Urgencia (SAPU),Establecimiento de Salud,13120,Ñuñoa,,,Cerrado
200142,12-903,SAPU La Reina,Servicio de Atención Primaria de Urgencia (SAPU),Establecimiento de Salud,13113,La Reina,,,Cerrado
114050,14-050,Hospital de Campaña Rusia (Puente Alto),Dispositivo Incorporado por Crisis Sanitaria,Unidad de Atención,13201,Puente Alto,,,Cerrado
114230,14-230,Clínica Astra Puente Alto,Clínica,Establecimiento de Salud,13201,Puente Alto,,,Cerrado
113251,13-251,Clínica Astra San Bernardo,Clínica,Establecimiento de Salud,13401,San Bernardo,,,Cerrado
111289,11-289,Centro de Salud Mutual CChC Maipú,Centro de Salud Privado,Establecimiento de Salud,13119,Maipú,,,Cerrado
112513,12-513,Clínica Astra Providencia,Clínica,Establecimiento de Salud,13123,Providencia,,,Cerrado
201104,,INNOVATION HEALTH,Vacunatorio,Establecimiento de Salud,13114,Las Condes,,,Cerrado
110450,10-450,Posta de Salud Rural Pomaire,Posta de Salud Rural (PSR),Establecimiento de Salud,13501,Melipilla,,,Cerrado
110480,10-480,Posta de Salud Rural San Pedro,Posta de Salud Rural (PSR),Establecimiento de Salud,13505,San Pedro,,,Cerrado
110500,10-500,Posta de Salud Rural Villa Alhué,Posta de Salud Rural (PSR),Establecimiento de Salud,13502,Alhué,,,Cerrado
111215,11-215,Clínica Las Violetas,Clínica,Establecimiento de Salud,13101,Santiago,,,Cerrado
111223,11-223,Clínica Psiquiatrica España,Clínica,Establecimiento de Salud,13101,Santiago,,,Cerrado
111229,11-229,Clínica San Javier,Clínica,Establecimiento de Salud,13101,Santiago,,,Cerrado
111268,11-268,Clínica del Trabajador AChS,Clínica,Establecimiento de Salud,13501,Melipilla,,,Cerrado
111273,11-273,Centro Vida Integra de Maipú,Centro de Salud Privado,Establecimiento de Salud,13119,Maipú,,,Cerrado
112202,12-202,Clínica Costanera,Clínica,Establecimiento de Salud,13123,Providencia,,,Cerrado
112219,12-219,Clínica Servet,Clínica,Establecimiento de Salud,13123,Providencia,,,Cerrado
112231,12-231,Clínica Sara Moncada,Clínica,Establecimiento de Salud,13123,Providencia,,,Cerrado
112245,12-245,Clínica Santa Rafaela,Clínica,Establecimiento de Salud,13123,Providencia,,,Cerrado
112270,12-270,Clínica Tregua,Clínica,Establecimiento de Salud,13120,Ñuñoa,,,Cerrado
112273,12-273,Centro Médico Pediátrico Integral Mediclown,Centro de Salud Privado,Establecimiento de Salud,13123,Providencia,,,Cerrado
112503,12-503,Clínica Mella,Clínica,Establecimiento de Salud,13123,Providencia,,,Cerrado
112511,12-511,Clínica Arauco Salud,Clínica,Establecimiento de Salud,13114,Las Condes,,,Cerrado
112524,12-524,Clínica Los Coihues,Clínica,Establecimiento de Salud,13123,Providencia,,,Cerrado
112528,12-528,Clínica Las Lilas,Clínica,Establecimiento de Salud,13123,Providencia,,,Cerrado
112981,12-981,Centro Mater Esperanza Nueva Limitada,Centro de Salud Privado,Establecimiento de Salud,13120,Ñuñoa,,,Cerrado
112996,12-996,Centro de Salud Dial Médica,Centro de Salud Privado,Establecimiento de Salud,13123,Providencia,,,Cerrado
113245,13-245,Clínica Santa Amalia,Clínica,Establecimiento de Salud,13109,La Cisterna,,,Cerrado
113261,13-261,Radiológico y Laboratorio Santa Lucía,Laboratorio Clínico,Establecimiento de Salud,13401,San Bernardo,,,Cerrado
113403,13-403,Posta de Salud Rural Alto Jahuel,Posta de Salud Rural (PSR),Establecimiento de Salud,13402,Buin,,,Cerrado
114150,14-150,Centro de Referencia de Salud San Rafael,Dispositivo Incorporado por Crisis Sanitaria,Unidad de Atención,13110,La Florida,,,Cerrado
114203,14-203,Clínica Salud Ltda.,Clínica,Establecimiento de Salud,13110,La Florida,,,Cerrado
114404,14-404,Posta de Salud Rural Lo Arcaya,Posta de Salud Rural (PSR),Establecimiento de Salud,13202,Pirque,,,Cerrado
200092,12-992,Clínica Dermacross,Centro de Salud Privado,Establecimiento de Salud,13132,Vitacura,,,Cerrado
200555,12-936,Clínica Médico Quirúrgica Proyecto Clínica,Clínica,Establecimiento de Salud,13132,Vitacura,,,Cerrado
200711,09-908,Hospital San José (Antiguo),Hospital,Establecimiento de Salud,13108,Independencia,,,Cerrado
200714,09-910,Centro Hospitalario de Huechuraba,Otro,Unidad de Atención,13107,Huechuraba,,,Cerrado
112222,12-222,Clínica Ñuñoa,Clínica,Establecimiento de Salud,13120,Ñuñoa,,,Cerrado
200487,12-933,Clínica Psiquiatrica Creser,Clínica,Establecimiento de Salud,13114,Las Condes,,,Cerrado
111373,11-373,Consultorio Santiago Bueras,Consultorio General Urbano (CGU),Establecimiento de Salud,13119,Maipú,,,Cerrado
111375,11-375,Consultorio El Trébol,Consultorio General Urbano (CGU),Establecimiento de Salud,13119,Maipú,,,Cerrado
111377,11-377,Centro de Salud El Abrazo de Maipú,Consultorio General Urbano (CGU),Establecimiento de Salud,13119,Maipú,,,Cerrado
109318,09-318,Consultorio Los Libertadores,Consultorio General Urbano (CGU),Establecimiento de Salud,13107,Huechuraba,,,Cerrado
110600,10-600,Consultorio Dr Julio Schwarzenberg,Consultorio General Urbano (CGU),Establecimiento de Salud,13103,Cerro Navia,,,Cerrado
110835,10-835,SAPU-Cerro Navia,Servicio de Atención Primaria de Urgencia (SAPU),Establecimiento de Salud,13103,Cerro Navia,,,Cerrado
110840,10-840,SAPU-Dr Yazigi,Servicio de Atención Primaria de Urgencia (SAPU),Establecimiento de Salud,13117,Lo Prado,,,Cerrado
110850,10-850,SAPU-Pudahuel Estrella,Servicio de Atención Primaria de Urgencia (SAPU),Establecimiento de Salud,13124,Pudahuel,,,Cerrado
110851,10-851,SAPU-Pudahuel Poniente,Servicio de Atención Primaria de Urgencia (SAPU),Establecimiento de Salud,13124,Pudahuel,,,Cerrado
110855,10-855,SAPU-Dr Albertz,Servicio de Atención Primaria de Urgencia (SAPU),Establecimiento de Salud,13103,Cerro Navia,,,Cerrado
110869,10-869,SAPU-Dr Fernando Monckeberg,Servicio de Atención Primaria de Urgencia (SAPU),Establecimiento de Salud,13605,Peñaflor,,,Cerrado
110870,10-870,SAPU-El Monte,Servicio de Atención Primaria de Urgencia (SAPU),Establecimiento de Salud,13602,El Monte,,,Cerrado
110878,10-878,SAPU-Dr Edelberto Elgueta,Servicio de Atención Primaria de Urgencia (SAPU),Establecimiento de Salud,13501,Melipilla,,,Cerrado
113340,13-340,COSAM Buin,Centro Comunitario de Salud Mental  (COSAM),Establecimiento de Salud,13402,Buin,,,Cerrado
113401,13-401,Posta de Salud Rural Bajos de San Agustín,Posta de Salud Rural (PSR),Establecimiento de Salud,13403,Calera de Tango,,,Cerrado
113723,13-723,CECOF Santa Barbara,Centro Comunitario de Salud Familiar (CECOSF),Establecimiento de Salud,13105,El Bosque,,,Cerrado
110815,10-815,SAPU-Santa Anita,Servicio de Atención Primaria de Urgencia (SAPU),Establecimiento de Salud,13117,Lo Prado,,,Cerrado
110825,10-825,SAPU-Garín,Servicio de Atención Primaria de Urgencia (SAPU),Establecimiento de Salud,13126,Quinta Normal,,,Cerrado
110830,10-830,SAPU-DrAdalberto Steeger,Servicio de Atención Primaria de Urgencia (SAPU),Establecimiento de Salud,13103,Cerro Navia,,,Cerrado
200704,09-907,Carpas Estacionamiento Urgencia Hospital San José,Otro,Unidad de Atención,13108,Independencia,,,Cerrado
200438,13-909,Laboratorio Clínico Megasalud,Laboratorio Clínico,Establecimiento de Salud,13401,San Bernardo,,,Cerrado
200357,11-907,Laboratorio Vidaintegra,Laboratorio Clínico,Establecimiento de Salud,13119,Maipú,,,Cerrado
200504,13-900,Laboratorio Medicina Nuclear Bicentenario,Laboratorio Clínico,Establecimiento de Salud,13130,San Miguel,,,Cerrado
200436,12-925,Centro Médico y dental Vida Integra Ñuñoa,Centro de Salud Privado,Establecimiento de Salud,13120,Ñuñoa,,,Cerrado
200482,11-910,Servicio Medicina Preventiva del Ejercito,Centro de Salud Privado,Establecimiento de Salud,13101,Santiago,,,Cerrado
200437,12-928,Laboratorio Clínico Metropolitano,Laboratorio Clínico,Establecimiento de Salud,13101,Santiago,,,Cerrado
200363,12-921,Clínica de Cirugía y Estética Edelweiss,Clínica,Establecimiento de Salud,13123,Providencia,,,Cerrado
200364,11-908,Centro Médico y Dental Matucana,Centro de Salud Privado,Establecimiento de Salud,13101,Santiago,,,Cerrado
200439,11-909,Laboratorio Clínico Omega,Laboratorio Clínico,Establecimiento de Salud,13101,Santiago,,,Cerrado
200469,12-931,Clínica Vida Estética,Clínica,Establecimiento de Salud,13123,Providencia,,,Cerrado
200446,12-929,Clínica Paris SpA,Clínica,Establecimiento de Salud,13123,Providencia,,,Cerrado
110515,10-515,Posta de Salud Rural Santa María,Posta de Salud Rural (PSR),Establecimiento de Salud,13502,Alhué,,,Cerrado
109407,09-407,Posta de Salud Rural Juan Pablo II de Lampa,Posta de Salud Rural (PSR),Establecimiento de Salud,13302,Lampa,,,Cerrado
112995,12-995,Centro de Salud Mutual CChC Providencia,Centro de Salud Privado,Establecimiento de Salud,13123,Providencia,,,Cerrado
111214,11-214,Clínica Sierra Bella,Clínica,Establecimiento de Salud,13101,Santiago,,,Cerrado
113242,13-242,Clínica Santa Rosa,Clínica,Establecimiento de Salud,13129,San Joaquín,,,Cerrado
112529,12-529,Vacunatorio Darvax Salud,Vacunatorio,Establecimiento de Salud,13114,Las Condes,,,Cerrado
201313,,GENOSUR (Providencia),Centro de Salud Privado,Establecimiento de Salud,13123,Providencia,,,Cerrado
200577,09-901,Centro Médico Salud Asistencia,Centro de Salud Privado,Establecimiento de Salud,13107,Huechuraba,,,Cerrado
109212,09-212,Centro Médico Vivaceta,Centro de Salud Privado,Establecimiento de Salud,13108,Independencia,,,Cerrado
200887,12-970,Vacunatorio Wengan SpA,Vacunatorio,Establecimiento de Salud,13123,Providencia,,,Cerrado
200724,13-914,Dispostivo Modular de Salud H. Barros Luco,Otro,Unidad de Atención,13130,San Miguel,,,Cerrado
201019,,Centro Logístico de Vacunación MINSAL,Vacunatorio,Unidad de Atención,13120,Ñuñoa,,,Cerrado
201020,,Centro de Registro de Vacunas Covid,Otro,Unidad de Atención,13101,Santiago,,,Cerrado
112979,12-979,Clínica Paris SpA,Clínica,Establecimiento de Salud,13114,Las Condes,,,Cerrado
202293,,INTEGRAMEDICA SUCURSAL MALL VESPUCIO,Centro de Salud Privado,Establecimiento de Salud,13110,La Florida,,,Vigente en Operación Habitual
202296,,SALA EXTERNA DE TOMA DE MUESTRAS_PRINCIPE DE GALES,Sala  Externa de Toma de Muestras (SETM),Unidad de Atención,13113,La Reina,,,Vigente en Operación Habitual
202297,,CET ALAMEDA_SANTIAGO,Centro de Salud Privado,Establecimiento de Salud,13101,Santiago,,,Vigente en Operación Habitual
202301,,SALA EXTERNA DE TOMA DE MUESTRAS_TALAGANTE,Sala  Externa de Toma de Muestras (SETM),Unidad de Atención,13601,Talagante,,,Vigente en Operación Habitual
202306,,SUR Juan Pablo II,Servicio de Urgencia Rural (SUR),Establecimiento de Salud,13302,Lampa,,,Vigente en operación habitual
202307,,CENTRO ODONTOLOGICO UNIVERSIDAD MAYOR,Clínica Dental,Establecimiento de Salud,13101,Santiago,,,Vigente en operación habitual
202368,,UNO SALUD DENTAL SILVA CARVALLO,Clínica Dental,Establecimiento de Salud,13119,Maipú,,,Vigente en Operación Habitual
202369,,UNO SALUD DENTAL SAN RAMON - LIDER SANTA ROSA,Clínica Dental,Establecimiento de Salud,13131,San Ramón,,,Vigente en Operación Habitual
202370,,SALA EXTERNA DE TOMA DE MUESTRAS REDSALUD PEDRO FONTOVA,Sala  Externa de Toma de Muestras (SETM),Unidad de Atención,13107,Huechuraba,,,Vigente en Operación Habitual
